-- MySQL dump 10.13  Distrib 8.0.26, for macos11 (arm64)
--
-- Host: localhost    Database: food_delivery_system
-- ------------------------------------------------------
-- Server version	8.0.26

/*!40101 SET @OLD_CHARACTER_SET_CLIENT=@@CHARACTER_SET_CLIENT */;
/*!40101 SET @OLD_CHARACTER_SET_RESULTS=@@CHARACTER_SET_RESULTS */;
/*!40101 SET @OLD_COLLATION_CONNECTION=@@COLLATION_CONNECTION */;
/*!50503 SET NAMES utf8mb4 */;
/*!40103 SET @OLD_TIME_ZONE=@@TIME_ZONE */;
/*!40103 SET TIME_ZONE='+00:00' */;
/*!40014 SET @OLD_UNIQUE_CHECKS=@@UNIQUE_CHECKS, UNIQUE_CHECKS=0 */;
/*!40014 SET @OLD_FOREIGN_KEY_CHECKS=@@FOREIGN_KEY_CHECKS, FOREIGN_KEY_CHECKS=0 */;
/*!40101 SET @OLD_SQL_MODE=@@SQL_MODE, SQL_MODE='NO_AUTO_VALUE_ON_ZERO' */;
/*!40111 SET @OLD_SQL_NOTES=@@SQL_NOTES, SQL_NOTES=0 */;

--
-- Table structure for table `address_book`
--

DROP TABLE IF EXISTS `address_book`;
/*!40101 SET @saved_cs_client     = @@character_set_client */;
/*!50503 SET character_set_client = utf8mb4 */;
CREATE TABLE `address_book` (
  `id` bigint NOT NULL COMMENT '主键',
  `user_id` bigint NOT NULL COMMENT '用户id',
  `consignee` varchar(50) CHARACTER SET utf8 COLLATE utf8_bin NOT NULL COMMENT '收货人',
  `sex` tinyint NOT NULL COMMENT '性别 0 女 1 男',
  `phone` varchar(11) CHARACTER SET utf8 COLLATE utf8_bin NOT NULL COMMENT '手机号',
  `province_code` varchar(12) CHARACTER SET utf8mb4 COLLATE utf8mb4_0900_ai_ci DEFAULT NULL COMMENT '省级区划编号',
  `province_name` varchar(32) CHARACTER SET utf8mb4 COLLATE utf8mb4_0900_ai_ci DEFAULT NULL COMMENT '省级名称',
  `city_code` varchar(12) CHARACTER SET utf8mb4 COLLATE utf8mb4_0900_ai_ci DEFAULT NULL COMMENT '市级区划编号',
  `city_name` varchar(32) CHARACTER SET utf8mb4 COLLATE utf8mb4_0900_ai_ci DEFAULT NULL COMMENT '市级名称',
  `district_code` varchar(12) CHARACTER SET utf8mb4 COLLATE utf8mb4_0900_ai_ci DEFAULT NULL COMMENT '区级区划编号',
  `district_name` varchar(32) CHARACTER SET utf8mb4 COLLATE utf8mb4_0900_ai_ci DEFAULT NULL COMMENT '区级名称',
  `detail` varchar(200) CHARACTER SET utf8mb4 COLLATE utf8mb4_0900_ai_ci DEFAULT NULL COMMENT '详细地址',
  `label` varchar(100) CHARACTER SET utf8mb4 COLLATE utf8mb4_0900_ai_ci DEFAULT NULL COMMENT '标签',
  `is_default` tinyint(1) NOT NULL DEFAULT '0' COMMENT '默认 0 否 1是',
  `create_time` datetime NOT NULL COMMENT '创建时间',
  `update_time` datetime NOT NULL COMMENT '更新时间',
  `create_user` bigint NOT NULL COMMENT '创建人',
  `update_user` bigint NOT NULL COMMENT '修改人',
  `is_deleted` int NOT NULL DEFAULT '0' COMMENT '是否删除',
  PRIMARY KEY (`id`) USING BTREE
) ENGINE=InnoDB DEFAULT CHARSET=utf8mb3 COLLATE=utf8_bin COMMENT='地址管理';
/*!40101 SET character_set_client = @saved_cs_client */;

--
-- Dumping data for table `address_book`
--

LOCK TABLES `address_book` WRITE;
/*!40000 ALTER TABLE `address_book` DISABLE KEYS */;
INSERT INTO `address_book` VALUES (1417414526093082626,1417012167126876162,'小明',1,'13812345678',NULL,NULL,NULL,NULL,NULL,NULL,'昌平区金燕龙办公楼','公司',1,'2021-07-20 17:22:12','2021-07-20 17:26:33',1417012167126876162,1417012167126876162,0),(1417414926166769666,1417012167126876162,'小李',1,'13512345678',NULL,NULL,NULL,NULL,NULL,NULL,'测试','家',0,'2021-07-20 17:23:47','2021-07-20 17:23:47',1417012167126876162,1417012167126876162,0),(1637645314833895425,1637644256862654465,'李一',1,'13412341234',NULL,NULL,NULL,NULL,NULL,NULL,'ABCD小区','家',1,'2023-03-20 10:40:44','2023-03-20 10:41:21',1637644256862654465,1637644256862654465,0),(1637653987215822850,1637653667949596674,'王小美',0,'13412341234',NULL,NULL,NULL,NULL,NULL,NULL,'A中心','公司',1,'2023-03-20 11:15:11','2023-03-20 11:15:14',1637653667949596674,1637653667949596674,0),(1653043954179985409,1637653667949596674,'王',0,'13412341234',NULL,NULL,NULL,NULL,NULL,NULL,'B大学','学校',0,'2023-05-01 22:29:25','2023-05-01 22:29:25',1637653667949596674,1637653667949596674,0);
/*!40000 ALTER TABLE `address_book` ENABLE KEYS */;
UNLOCK TABLES;

--
-- Table structure for table `category`
--

DROP TABLE IF EXISTS `category`;
/*!40101 SET @saved_cs_client     = @@character_set_client */;
/*!50503 SET character_set_client = utf8mb4 */;
CREATE TABLE `category` (
  `id` bigint NOT NULL COMMENT '主键',
  `type` int DEFAULT NULL COMMENT '类型   1 菜品分类 2 套餐分类',
  `name` varchar(64) CHARACTER SET utf8 COLLATE utf8_bin NOT NULL COMMENT '分类名称',
  `sort` int NOT NULL DEFAULT '0' COMMENT '顺序',
  `create_time` datetime NOT NULL COMMENT '创建时间',
  `update_time` datetime NOT NULL COMMENT '更新时间',
  `create_user` bigint NOT NULL COMMENT '创建人',
  `update_user` bigint NOT NULL COMMENT '修改人',
  PRIMARY KEY (`id`) USING BTREE,
  UNIQUE KEY `idx_category_name` (`name`)
) ENGINE=InnoDB DEFAULT CHARSET=utf8mb3 COLLATE=utf8_bin COMMENT='菜品及套餐分类';
/*!40101 SET character_set_client = @saved_cs_client */;

--
-- Dumping data for table `category`
--

LOCK TABLES `category` WRITE;
/*!40000 ALTER TABLE `category` DISABLE KEYS */;
INSERT INTO `category` VALUES (1397844263642378242,1,'湘菜',1,'2021-05-27 09:16:58','2023-02-21 22:38:28',1,1),(1397844303408574465,1,'川菜',2,'2021-05-27 09:17:07','2021-06-02 14:27:22',1,1),(1397844391040167938,1,'粤菜',3,'2021-05-27 09:17:28','2021-07-09 14:37:13',1,1),(1413341197421846529,1,'饮品',11,'2021-07-09 11:36:15','2021-07-09 14:39:15',1,1),(1413342269393674242,2,'商务套餐',5,'2021-07-09 11:40:30','2021-07-09 14:43:45',1,1),(1413384954989060097,1,'主食',12,'2021-07-09 14:30:07','2021-07-09 14:39:19',1,1),(1413386191767674881,2,'儿童套餐',6,'2021-07-09 14:35:02','2021-07-09 14:39:05',1,1),(1627605530904215554,1,'salsa',23,'2023-02-20 17:46:13','2023-02-20 17:46:13',1,1),(1627842450016022529,1,'drinks',2,'2023-02-21 09:27:39','2023-02-21 09:27:39',1,1),(1632657516720603137,1,'甜品',9,'2023-03-06 16:21:00','2023-03-06 16:21:00',1,1);
/*!40000 ALTER TABLE `category` ENABLE KEYS */;
UNLOCK TABLES;

--
-- Table structure for table `dish`
--

DROP TABLE IF EXISTS `dish`;
/*!40101 SET @saved_cs_client     = @@character_set_client */;
/*!50503 SET character_set_client = utf8mb4 */;
CREATE TABLE `dish` (
  `id` bigint NOT NULL COMMENT '主键',
  `name` varchar(64) CHARACTER SET utf8 COLLATE utf8_bin NOT NULL COMMENT '菜品名称',
  `category_id` bigint NOT NULL COMMENT '菜品分类id',
  `price` decimal(10,2) DEFAULT NULL COMMENT '菜品价格',
  `code` varchar(64) CHARACTER SET utf8 COLLATE utf8_bin NOT NULL COMMENT '商品码',
  `image` varchar(200) CHARACTER SET utf8 COLLATE utf8_bin NOT NULL COMMENT '图片',
  `description` varchar(400) CHARACTER SET utf8 COLLATE utf8_bin DEFAULT NULL COMMENT '描述信息',
  `status` int NOT NULL DEFAULT '1' COMMENT '0 停售 1 起售',
  `sort` int NOT NULL DEFAULT '0' COMMENT '顺序',
  `create_time` datetime NOT NULL COMMENT '创建时间',
  `update_time` datetime NOT NULL COMMENT '更新时间',
  `create_user` bigint NOT NULL COMMENT '创建人',
  `update_user` bigint NOT NULL COMMENT '修改人',
  `is_deleted` int NOT NULL DEFAULT '0' COMMENT '是否删除',
  PRIMARY KEY (`id`) USING BTREE,
  UNIQUE KEY `idx_dish_name` (`name`)
) ENGINE=InnoDB DEFAULT CHARSET=utf8mb3 COLLATE=utf8_bin COMMENT='菜品管理';
/*!40101 SET character_set_client = @saved_cs_client */;

--
-- Dumping data for table `dish`
--

LOCK TABLES `dish` WRITE;
/*!40000 ALTER TABLE `dish` DISABLE KEYS */;
INSERT INTO `dish` VALUES (1397849739276890114,'辣子鸡',1397844263642378242,7800.00,'222222222','f2c80f97-c1a5-4ec9-b53f-326c4984e97f.jpg','来自鲜嫩美味的小鸡，值得一尝',1,0,'2021-05-27 09:38:43','2023-03-17 20:48:26',1,1,0),(1397850140982161409,'毛氏红烧肉',1397844263642378242,6800.00,'123412341234','45164548-767d-4be5-98bf-e82fde40987f.jpg','毛氏红烧肉，确定不来一份？',1,0,'2021-05-27 09:40:19','2023-03-17 20:48:49',1,1,0),(1397850392090947585,'组庵鱼翅',1397844263642378242,4800.00,'123412341234','89f94118-509e-4e0b-902d-c9d14fe82754.jpg','组庵鱼翅，看图足以表明好吃程度',1,0,'2021-05-27 09:41:19','2023-03-17 20:49:30',1,1,0),(1397850851245600769,'霸王别姬',1397844263642378242,12800.00,'123412341234','5409c564-76e6-4cbf-8dcf-6a457c15ab9b.jpg','还有什么比霸王别姬更美味的呢？',1,0,'2021-05-27 09:43:08','2023-03-17 20:50:07',1,1,0),(1397851099502260226,'全家福',1397844263642378242,7800.00,'23412341234','90a4375f-6fa2-4d6a-8b0e-364f805fab86.jpg','别光吃肉啦，来份全家福吧，让你长寿又美味',1,0,'2021-05-27 09:44:08','2023-03-17 20:50:50',1,1,0),(1397851370462687234,'邵阳猪血丸子',1397844263642378242,8800.00,'1246812345678','8956c946-dac1-4c63-954b-233f428266b2.jpg','看，美味不？来嘛来嘛，这才是最爱吖',1,0,'2021-05-27 09:45:12','2023-03-17 20:47:58',1,1,0),(1397852391150759938,'辣子鸡丁',1397844303408574465,8800.00,'2346812468','a4b4231e-408e-4185-a43e-71c0eb3b54c1.jpg','辣子鸡丁，辣子鸡丁，永远的魂',1,0,'2021-05-27 09:49:16','2023-03-17 20:46:21',1,1,0),(1397853183287013378,'麻辣兔头',1397844303408574465,1900.00,'123456787654321','fe730fe3-ec0a-498d-a93d-a591cd64b5b9.jpg','麻辣鲜香，色泽红润，回味悠长',1,0,'2021-05-27 09:52:24','2023-05-05 16:25:07',1,1,0),(1397853709101740034,'蒜泥白肉',1397844303408574465,9800.00,'1234321234321','3da27b92-a266-4e13-b15a-236ec7262b20.jpg','多么的有食欲啊',1,0,'2021-05-27 09:54:30','2023-03-17 20:45:29',1,1,0),(1397853890262118402,'鱼香肉丝',1397844303408574465,3800.00,'1234212321234','105a73e0-0935-4e7e-a0cb-513e7a00a4ae.jpg','鱼香肉丝简直就是我们童年回忆的一道经典菜，上学的时候点个鱼香肉丝盖饭坐在宿舍床上看着肥皂剧，绝了！现在完美复刻一下上学的时候感觉',1,0,'2021-05-27 09:55:13','2023-03-17 20:44:51',1,1,0),(1397854652581064706,'麻辣水煮鱼',1397844303408574465,14800.00,'2345312·345321','01963be7-353e-4876-aeb0-2935cd183835.jpg','鱼片是买的切好的鱼片，放几个虾，增加味道',1,0,'2021-05-27 09:58:15','2023-03-17 20:45:42',1,1,0),(1397854865672679425,'鱼香炒鸡蛋',1397844303408574465,2000.00,'23456431·23456','85bdf36e-48a4-4971-9544-32ab01abbdc3.jpg','鱼香菜也是川味的特色。里面没有鱼却鱼香味',1,0,'2021-05-27 09:59:06','2023-03-17 20:43:29',1,1,0),(1397860242057375745,'脆皮烧鹅',1397844391040167938,7800.00,'123456786543213456','e8c79090-6f26-425a-8780-8415d4e672e2.jpeg','“广东烤鸭美而香，却胜烧鹅说古冈（今新会），燕瘦环肥各佳妙，君休偏重便宜坊”，可见烧鹅与烧鸭在粤菜之中已早负盛名。作为广州最普遍和最受欢迎的烧烤肉食，以它的“色泽金红，皮脆肉嫩，味香可口”的特色，在省城各大街小巷的烧卤店随处可见。',1,0,'2021-05-27 10:20:27','2023-03-17 20:42:32',1,1,0),(1397860578738352129,'白切鸡',1397844391040167938,6600.00,'12345678654','ba15b789-2abf-4f96-8d22-04e6431d9cc0.jpeg','白切鸡是一道色香味俱全的特色传统名肴，又叫白斩鸡，是粤菜系鸡肴中的一种，始于清代的民间。白切鸡通常选用细骨农家鸡与沙姜、蒜茸等食材，慢火煮浸白切鸡皮爽肉滑，清淡鲜美。著名的泮溪酒家白切鸡，曾获商业部优质产品金鼎奖。湛江白切鸡更是驰名粤港澳。粤菜厨坛中，鸡的菜式有200余款之多，而最为人常食不厌的正是白切鸡，深受食家青睐。',1,0,'2021-05-27 10:21:48','2023-03-17 20:41:57',1,1,0),(1397860792492666881,'烤乳猪',1397844391040167938,38800.00,'213456432123456','2f566312-6929-4899-95be-24479d2aa816.jpeg','广式烧乳猪主料是小乳猪，辅料是蒜，调料是五香粉、芝麻酱、八角粉等，本菜品主要通过将食材放入炭火中烧烤而成。烤乳猪是广州最著名的特色菜，并且是“满汉全席”中的主打菜肴之一。烤乳猪也是许多年来广东人祭祖的祭品之一，是家家都少不了的应节之物，用乳猪祭完先人后，亲戚们再聚餐食用。',1,0,'2021-05-27 10:22:39','2023-03-17 20:41:36',1,1,0),(1397860963880316929,'脆皮乳鸽',1397844391040167938,10800.00,'1234563212345','030910f2-4925-469c-9fec-07c950c835aa.jpeg','“脆皮乳鸽”是广东菜中的一道传统名菜，属于粤菜系，具有皮脆肉嫩、色泽红亮、鲜香味美的特点，常吃可使身体强健，清肺顺气。随着菜品制作工艺的不断发展，逐渐形成了熟炸法、生炸法和烤制法三种制作方法。无论那种制作方法，都是在鸽子经过一系列的加工，挂脆皮水后再加工而成，正宗的“脆皮乳鸽皮脆肉嫩、色泽红亮、鲜香味美、香气馥郁。这三种方法的制作过程都不算复杂，但想达到理想的效果并不容易。',1,0,'2021-05-27 10:23:19','2023-03-17 20:41:07',1,1,0),(1397861683434139649,'清蒸河鲜海鲜',1397844391040167938,38800.00,'1234567876543213456','e4633d34-b92f-493c-acc5-16a55ab0acb6.jpeg','新鲜的海鲜，清蒸是最好的处理方式。鲜，体会为什么叫海鲜。清蒸是广州最经典的烹饪手法，过去岭南地区由于峻山大岭阻隔，交通不便，经济发展起步慢，自家打的鱼放在锅里煮了就吃，没有太多的讲究，但却发现这清淡的煮法能使鱼的鲜甜跃然舌尖。',1,0,'2021-05-27 10:26:11','2023-03-17 20:51:42',1,1,0),(1397862198033297410,'老火靓汤',1397844391040167938,49800.00,'123456786532455','ffbf65a9-d8e7-44b6-b8f0-8a32f563e330.jpeg','老火靓汤又称广府汤，是广府人传承数千年的食补养生秘方，慢火煲煮的中华老火靓汤，火候足，时间长，既取药补之效，又取入口之甘甜。 广府老火汤种类繁多，可以用各种汤料和烹调方法，烹制出各种不同口味、不同功效的汤来。',1,0,'2021-05-27 10:28:14','2023-03-17 20:39:01',1,1,0),(1397862477831122945,'上汤焗龙虾',1397844391040167938,108800.00,'1234567865432','ab223652-91ae-4a80-beb2-1d3c42723ae4.jpeg','上汤焗龙虾是一道色香味俱全的传统名菜，属于粤菜系。此菜以龙虾为主料，配以高汤制成的一道海鲜美食。本品肉质洁白细嫩，味道鲜美，蛋白质含量高，脂肪含量低，营养丰富。是色香味俱全的传统名菜。',1,0,'2021-05-27 10:29:20','2023-03-17 20:37:27',1,1,0),(1413342036832100354,'北冰洋',1413341197421846529,500.00,'','66244dfc-e175-4a2f-8139-080528a1179e.png','',1,0,'2021-07-09 11:39:35','2023-03-06 16:23:25',1,1,0),(1413384757047271425,'王老吉',1413341197421846529,500.00,'','72ff7fca-04e1-44ed-9f4e-0a6c20d27529.png','',1,0,'2021-07-09 14:29:20','2023-03-06 16:23:03',1,1,0),(1413385247889891330,'米饭',1413384954989060097,200.00,'','2f34c2ee-daca-46c6-95bb-494ee5fc779a.png','',1,0,'2021-07-09 14:31:17','2023-03-06 16:22:44',1,1,0),(1632657746094505986,'火腿蜜瓜卷',1632657516720603137,3800.00,'','41924879-2694-4221-9720-d0186df63815.jpeg','',1,0,'2023-03-06 16:21:55','2023-03-17 20:36:40',1,1,0),(1654402136061194242,'test_dish',1397844263642378242,2200.00,'','1af811fb-d0c9-44dc-9553-2057f6404198.jpeg','',1,0,'2023-05-05 16:26:21','2023-05-05 16:26:21',1,1,0),(1654402380463288321,'test2',1397844263642378242,2300.00,'','b3feb7d4-24fe-4a30-881d-d7cc021f9f76.jpeg','',1,0,'2023-05-05 16:27:19','2023-05-05 16:27:19',1,1,0);
/*!40000 ALTER TABLE `dish` ENABLE KEYS */;
UNLOCK TABLES;

--
-- Table structure for table `dish_flavor`
--

DROP TABLE IF EXISTS `dish_flavor`;
/*!40101 SET @saved_cs_client     = @@character_set_client */;
/*!50503 SET character_set_client = utf8mb4 */;
CREATE TABLE `dish_flavor` (
  `id` bigint NOT NULL COMMENT '主键',
  `dish_id` bigint NOT NULL COMMENT '菜品',
  `name` varchar(64) CHARACTER SET utf8 COLLATE utf8_bin NOT NULL COMMENT '口味名称',
  `value` varchar(500) CHARACTER SET utf8 COLLATE utf8_bin DEFAULT NULL COMMENT '口味数据list',
  `create_time` datetime NOT NULL COMMENT '创建时间',
  `update_time` datetime NOT NULL COMMENT '更新时间',
  `create_user` bigint NOT NULL COMMENT '创建人',
  `update_user` bigint NOT NULL COMMENT '修改人',
  `is_deleted` int NOT NULL DEFAULT '0' COMMENT '是否删除',
  PRIMARY KEY (`id`) USING BTREE
) ENGINE=InnoDB DEFAULT CHARSET=utf8mb3 COLLATE=utf8_bin COMMENT='菜品口味关系表';
/*!40101 SET character_set_client = @saved_cs_client */;

--
-- Dumping data for table `dish_flavor`
--

LOCK TABLES `dish_flavor` WRITE;
/*!40000 ALTER TABLE `dish_flavor` DISABLE KEYS */;
INSERT INTO `dish_flavor` VALUES (1397849417888346113,1397849417854791681,'辣度','[\"不辣\",\"微辣\",\"中辣\",\"重辣\"]','2021-05-27 09:37:27','2021-05-27 09:37:27',1,1,0),(1397849739297861633,1397849739276890114,'忌口','[\"不要葱\",\"不要蒜\",\"不要香菜\"]','2023-03-17 20:48:26','2023-03-17 20:48:26',1,1,0),(1397849739323027458,1397849739276890114,'辣度','[\"微辣\",\"中辣\",\"重辣\"]','2023-03-17 20:48:26','2023-03-17 20:48:26',1,1,0),(1397849936421761025,1397849936404983809,'忌口','[\"不要葱\",\"不要蒜\",\"不要香菜\",\"不要辣\"]','2021-05-27 09:39:30','2021-05-27 09:39:30',1,1,0),(1397849936438538241,1397849936404983809,'辣度','[\"不辣\",\"微辣\",\"中辣\",\"重辣\"]','2021-05-27 09:39:30','2021-05-27 09:39:30',1,1,0),(1397850141015715841,1397850140982161409,'忌口','[\"不要葱\",\"不要蒜\",\"不要香菜\"]','2023-03-17 20:48:49','2023-03-17 20:48:49',1,1,0),(1397850630734262274,1397850630700707841,'忌口','[\"不要葱\",\"不要蒜\",\"不要香菜\",\"不要辣\"]','2021-05-27 09:42:16','2021-05-27 09:42:16',1,1,0),(1397850630755233794,1397850630700707841,'辣度','[\"微辣\",\"中辣\",\"重辣\"]','2021-05-27 09:42:16','2021-05-27 09:42:16',1,1,0),(1397850851274960898,1397850851245600769,'忌口','[\"不要蒜\",\"不要香菜\"]','2023-03-17 20:50:07','2023-03-17 20:50:07',1,1,0),(1397850851283349505,1397850851245600769,'辣度','[\"不辣\",\"微辣\",\"中辣\",\"重辣\"]','2023-03-17 20:50:07','2023-03-17 20:50:07',1,1,0),(1397851099523231745,1397851099502260226,'忌口','[\"不要葱\",\"不要香菜\",\"不要辣\"]','2023-03-17 20:50:50','2023-03-17 20:50:50',1,1,0),(1397851370483658755,1397851370462687234,'忌口','[\"不要葱\",\"不要蒜\",\"不要香菜\"]','2023-03-17 20:47:58','2023-03-17 20:47:58',1,1,0),(1397851668283437058,1397851668262465537,'温度','[\"热饮\",\"常温\",\"去冰\",\"少冰\",\"多冰\"]','2021-05-27 09:46:23','2021-05-27 09:46:23',1,1,0),(1397852391180120065,1397852391150759938,'忌口','[\"不要葱\",\"不要香菜\"]','2023-03-17 20:46:21','2023-03-17 20:46:21',1,1,0),(1397853183307984898,1397853183287013378,'辣度','[\"不辣\",\"微辣\",\"中辣\",\"重辣\"]','2023-05-05 16:25:07','2023-05-05 16:25:07',1,1,0),(1397853423486414850,1397853423461249026,'辣度','[\"不辣\",\"微辣\",\"中辣\",\"重辣\"]','2021-05-27 09:53:22','2021-05-27 09:53:22',1,1,0),(1397853709126905857,1397853709101740034,'忌口','[\"不要葱\",\"不要香菜\",\"不要辣\"]','2023-03-17 20:45:29','2023-03-17 20:45:29',1,1,0),(1397854133632413697,1397854133603053569,'温度','[\"热饮\",\"常温\",\"去冰\",\"少冰\",\"多冰\"]','2021-05-27 09:56:11','2021-05-27 09:56:11',1,1,0),(1397854652623007745,1397854652581064706,'忌口','[\"不要葱\",\"不要蒜\",\"不要香菜\"]','2023-03-17 20:45:42','2023-03-17 20:45:42',1,1,0),(1397854652635590658,1397854652581064706,'辣度','[\"微辣\",\"中辣\",\"重辣\"]','2023-03-17 20:45:42','2023-03-17 20:45:42',1,1,0),(1397855742303186946,1397855742273826817,'辣度','[\"不辣\",\"微辣\",\"中辣\",\"重辣\"]','2021-05-27 10:02:35','2021-05-27 10:02:35',1,1,0),(1397855906497605633,1397855906468245506,'忌口','[\"不要葱\",\"不要蒜\",\"不要香菜\",\"不要辣\"]','2021-05-27 10:03:14','2021-05-27 10:03:14',1,1,0),(1397856190573621250,1397856190540066818,'辣度','[\"不辣\",\"微辣\",\"中辣\",\"重辣\"]','2021-05-27 10:04:21','2021-05-27 10:04:21',1,1,0),(1397859056709316609,1397859056684150785,'辣度','[\"不辣\",\"微辣\",\"中辣\",\"重辣\"]','2021-05-27 10:15:45','2021-05-27 10:15:45',1,1,0),(1397859277837217794,1397859277812051969,'辣度','[\"不辣\",\"微辣\",\"中辣\",\"重辣\"]','2021-05-27 10:16:37','2021-05-27 10:16:37',1,1,0),(1397859487502086146,1397859487476920321,'辣度','[\"不辣\",\"微辣\",\"中辣\",\"重辣\"]','2021-05-27 10:17:27','2021-05-27 10:17:27',1,1,0),(1397859757061615618,1397859757036449794,'甜味','[\"无糖\",\"少糖\",\"半躺\",\"多糖\",\"全糖\"]','2021-05-27 10:18:32','2021-05-27 10:18:32',1,1,0),(1397861135754506242,1397861135733534722,'甜味','[\"无糖\",\"少糖\",\"半躺\",\"多糖\",\"全糖\"]','2021-05-27 10:24:00','2021-05-27 10:24:00',1,1,0),(1397861370035744769,1397861370010578945,'辣度','[\"不辣\",\"微辣\",\"中辣\",\"重辣\"]','2021-05-27 10:24:56','2021-05-27 10:24:56',1,1,0),(1397861683459305474,1397861683434139649,'忌口','[\"不要葱\",\"不要蒜\",\"不要香菜\"]','2023-03-17 20:51:42','2023-03-17 20:51:42',1,1,0),(1397861898467717121,1397861898438356993,'忌口','[\"不要葱\",\"不要蒜\",\"不要香菜\",\"不要辣\"]','2021-05-27 10:27:02','2021-05-27 10:27:02',1,1,0),(1397862198054268929,1397862198033297410,'忌口','[\"不要葱\",\"不要香菜\"]','2023-03-17 20:39:01','2023-03-17 20:39:01',1,1,0),(1398089545865015297,1398089545676271617,'温度','[\"热饮\",\"常温\",\"去冰\",\"少冰\",\"多冰\"]','2021-05-28 01:31:38','2021-05-28 01:31:38',1,1,0),(1398089782323097601,1398089782285348866,'辣度','[\"不辣\",\"微辣\",\"中辣\",\"重辣\"]','2021-05-28 01:32:34','2021-05-28 01:32:34',1,1,0),(1398090003262255106,1398090003228700673,'忌口','[\"不要葱\",\"不要蒜\",\"不要香菜\",\"不要辣\"]','2021-05-28 01:33:27','2021-05-28 01:33:27',1,1,0),(1398090264554811394,1398090264517062657,'忌口','[\"不要葱\",\"不要蒜\",\"不要香菜\",\"不要辣\"]','2021-05-28 01:34:29','2021-05-28 01:34:29',1,1,0),(1398090455399837698,1398090455324340225,'辣度','[\"不辣\",\"微辣\",\"中辣\",\"重辣\"]','2021-05-28 01:35:14','2021-05-28 01:35:14',1,1,0),(1398090685449023490,1398090685419663362,'温度','[\"热饮\",\"常温\",\"去冰\",\"少冰\",\"多冰\"]','2021-05-28 01:36:09','2021-05-28 01:36:09',1,1,0),(1398090825358422017,1398090825329061889,'忌口','[\"不要葱\",\"不要蒜\",\"不要香菜\",\"不要辣\"]','2021-05-28 01:36:43','2021-05-28 01:36:43',1,1,0),(1398091007051476993,1398091007017922561,'辣度','[\"不辣\",\"微辣\",\"中辣\",\"重辣\"]','2021-05-28 01:37:26','2021-05-28 01:37:26',1,1,0),(1398091296164851713,1398091296131297281,'辣度','[\"不辣\",\"微辣\",\"中辣\",\"重辣\"]','2021-05-28 01:38:35','2021-05-28 01:38:35',1,1,0),(1398091546531246081,1398091546480914433,'忌口','[\"不要葱\",\"不要蒜\",\"不要香菜\",\"不要辣\"]','2021-05-28 01:39:35','2021-05-28 01:39:35',1,1,0),(1398091729809747969,1398091729788776450,'辣度','[\"不辣\",\"微辣\",\"中辣\",\"重辣\"]','2021-05-28 01:40:18','2021-05-28 01:40:18',1,1,0),(1398091889499484161,1398091889449152513,'辣度','[\"不辣\",\"微辣\",\"中辣\",\"重辣\"]','2021-05-28 01:40:56','2021-05-28 01:40:56',1,1,0),(1398092095179763713,1398092095142014978,'辣度','[\"不辣\",\"微辣\",\"中辣\",\"重辣\"]','2021-05-28 01:41:45','2021-05-28 01:41:45',1,1,0),(1398092283877306370,1398092283847946241,'辣度','[\"不辣\",\"微辣\",\"中辣\",\"重辣\"]','2021-05-28 01:42:30','2021-05-28 01:42:30',1,1,0),(1398094018939236354,1398094018893099009,'辣度','[\"不辣\",\"微辣\",\"中辣\",\"重辣\"]','2021-05-28 01:49:24','2021-05-28 01:49:24',1,1,0),(1398094391494094850,1398094391456346113,'辣度','[\"不辣\",\"微辣\",\"中辣\",\"重辣\"]','2021-05-28 01:50:53','2021-05-28 01:50:53',1,1,0),(1399574026165727233,1399305325713600514,'辣度','[\"不辣\",\"微辣\",\"中辣\",\"重辣\"]','2021-06-01 03:50:25','2021-06-01 03:50:25',1399309715396669441,1399309715396669441,0),(1413389540592263169,1413384757047271425,'温度','[\"常温\",\"冷藏\"]','2023-03-06 16:23:03','2023-03-06 16:23:03',1,1,0),(1413389684020682754,1413342036832100354,'温度','[\"常温\",\"冷藏\"]','2023-03-06 16:23:25','2023-03-06 16:23:25',1,1,0),(1630924768737845249,1630924768242917378,'温度','[\"热饮\"]','2023-03-05 18:57:59','2023-03-05 18:57:59',1,1,0),(1630924768746233857,1630924768242917378,'忌口','[\"不要葱\",\"不要蒜\",\"不要香菜\",\"不要辣\"]','2023-03-05 18:57:59','2023-03-05 18:57:59',1,1,0),(1632657104080781314,1632657103967535105,'甜味','[\"无糖\",\"少糖\",\"半糖\",\"多糖\",\"全糖\"]','2023-03-06 16:19:22','2023-03-06 16:19:22',1,1,0),(1632657104093364226,1632657103967535105,'温度','[\"热饮\",\"常温\",\"去冰\",\"少冰\",\"多冰\"]','2023-03-06 16:19:22','2023-03-06 16:19:22',1,1,0),(1632657104093364227,1632657103967535105,'忌口','[\"不要葱\",\"不要蒜\",\"不要香菜\",\"不要辣\"]','2023-03-06 16:19:22','2023-03-06 16:19:22',1,1,0),(1632657746165809154,1632657746094505986,'甜味','[\"无糖\",\"少糖\",\"半糖\",\"多糖\",\"全糖\"]','2023-03-17 20:36:40','2023-03-17 20:36:40',1,1,0),(1636708319777284097,1397862477831122945,'忌口','[\"不要葱\",\"不要蒜\",\"不要香菜\"]','2023-03-17 20:37:27','2023-03-17 20:37:27',1,1,0),(1636709453459906562,1397860578738352129,'忌口','[\"不要葱\",\"不要蒜\",\"不要香菜\"]','2023-03-17 20:41:57','2023-03-17 20:41:57',1,1,0),(1636709838757060610,1397854865672679425,'忌口','[\"不要葱\",\"不要香菜\"]','2023-03-17 20:43:29','2023-03-17 20:43:29',1,1,0),(1636710183570792449,1397853890262118402,'忌口','[\"不要葱\",\"不要蒜\",\"不要香菜\"]','2023-03-17 20:44:51','2023-03-17 20:44:51',1,1,0),(1636710559221047297,1397852391150759938,'辣度','[\"微辣\",\"中辣\",\"重辣\"]','2023-03-17 20:46:21','2023-03-17 20:46:21',1,1,0),(1654402136128303105,1654402136061194242,'甜味','[\"无糖\",\"少糖\",\"半糖\",\"多糖\",\"全糖\"]','2023-05-05 16:26:21','2023-05-05 16:26:21',1,1,0),(1654402136157663233,1654402136061194242,'忌口','[\"不要葱\",\"不要蒜\",\"不要香菜\"]','2023-05-05 16:26:21','2023-05-05 16:26:21',1,1,0);
/*!40000 ALTER TABLE `dish_flavor` ENABLE KEYS */;
UNLOCK TABLES;

--
-- Table structure for table `employee`
--

DROP TABLE IF EXISTS `employee`;
/*!40101 SET @saved_cs_client     = @@character_set_client */;
/*!50503 SET character_set_client = utf8mb4 */;
CREATE TABLE `employee` (
  `id` bigint NOT NULL COMMENT '主键',
  `name` varchar(32) CHARACTER SET utf8 COLLATE utf8_bin NOT NULL COMMENT '姓名',
  `username` varchar(32) CHARACTER SET utf8 COLLATE utf8_bin NOT NULL COMMENT '用户名',
  `password` varchar(64) CHARACTER SET utf8 COLLATE utf8_bin NOT NULL COMMENT '密码',
  `phone` varchar(11) CHARACTER SET utf8 COLLATE utf8_bin NOT NULL COMMENT '手机号',
  `sex` varchar(2) CHARACTER SET utf8 COLLATE utf8_bin NOT NULL COMMENT '性别',
  `id_number` varchar(18) CHARACTER SET utf8 COLLATE utf8_bin NOT NULL COMMENT '身份证号',
  `status` int NOT NULL DEFAULT '1' COMMENT '状态 0:禁用，1:正常',
  `create_time` datetime NOT NULL COMMENT '创建时间',
  `update_time` datetime NOT NULL COMMENT '更新时间',
  `create_user` bigint NOT NULL COMMENT '创建人',
  `update_user` bigint NOT NULL COMMENT '修改人',
  PRIMARY KEY (`id`) USING BTREE,
  UNIQUE KEY `idx_username` (`username`)
) ENGINE=InnoDB DEFAULT CHARSET=utf8mb3 COLLATE=utf8_bin COMMENT='员工信息';
/*!40101 SET character_set_client = @saved_cs_client */;

--
-- Dumping data for table `employee`
--

LOCK TABLES `employee` WRITE;
/*!40000 ALTER TABLE `employee` DISABLE KEYS */;
INSERT INTO `employee` VALUES (1,'管理员','admin','e10adc3949ba59abbe56e057f20f883e','13812312312','1','110101199001010047',1,'2021-05-06 17:20:07','2021-05-10 02:24:09',1,1),(1625855244834689026,'zhang','zhangsan','e10adc3949ba59abbe56e057f20f883e','13777777777','1','635455334455556666',1,'2023-02-15 21:51:12','2023-02-15 21:51:12',1,1),(1625874579766513665,'张','ganyu','e10adc3949ba59abbe56e057f20f883e','13333333333','1','888736555526667163',1,'2023-02-15 23:08:02','2023-02-15 23:08:02',1,1),(1626479235067576322,'可莉','keli','e10adc3949ba59abbe56e057f20f883e','17888888888','0','100009999933338765',1,'2023-02-17 15:10:43','2023-02-17 15:10:43',1,1),(1626479515129643009,'七七','qiqi77','e10adc3949ba59abbe56e057f20f883e','17777777777','0','100777234465654728',1,'2023-02-17 15:11:50','2023-02-18 21:37:52',1,1),(1627227894843465730,'胡桃','hutao','e10adc3949ba59abbe56e057f20f883e','17634444444','0','777765432345676654',1,'2023-02-19 16:45:37','2023-02-19 16:45:37',1,1),(1627228200687919106,'钟离','zhongli','e10adc3949ba59abbe56e057f20f883e','13333333333','1','133399998767898798',1,'2023-02-19 16:46:50','2023-02-19 16:46:50',1627227894843465730,1627227894843465730);
/*!40000 ALTER TABLE `employee` ENABLE KEYS */;
UNLOCK TABLES;

--
-- Table structure for table `order_detail`
--

DROP TABLE IF EXISTS `order_detail`;
/*!40101 SET @saved_cs_client     = @@character_set_client */;
/*!50503 SET character_set_client = utf8mb4 */;
CREATE TABLE `order_detail` (
  `id` bigint NOT NULL COMMENT '主键',
  `name` varchar(50) CHARACTER SET utf8 COLLATE utf8_bin DEFAULT NULL COMMENT '名字',
  `image` varchar(100) CHARACTER SET utf8 COLLATE utf8_bin DEFAULT NULL COMMENT '图片',
  `order_id` bigint NOT NULL COMMENT '订单id',
  `dish_id` bigint DEFAULT NULL COMMENT '菜品id',
  `setmeal_id` bigint DEFAULT NULL COMMENT '套餐id',
  `dish_flavor` varchar(50) CHARACTER SET utf8 COLLATE utf8_bin DEFAULT NULL COMMENT '口味',
  `number` int NOT NULL DEFAULT '1' COMMENT '数量',
  `amount` decimal(10,2) NOT NULL COMMENT '金额',
  PRIMARY KEY (`id`) USING BTREE
) ENGINE=InnoDB DEFAULT CHARSET=utf8mb3 COLLATE=utf8_bin COMMENT='订单明细表';
/*!40101 SET character_set_client = @saved_cs_client */;

--
-- Dumping data for table `order_detail`
--

LOCK TABLES `order_detail` WRITE;
/*!40000 ALTER TABLE `order_detail` DISABLE KEYS */;
INSERT INTO `order_detail` VALUES (1653019865700716545,'组庵鱼翅','89f94118-509e-4e0b-902d-c9d14fe82754.jpg',1653041997700747266,1397850392090947585,NULL,NULL,1,48.00),(1653019892280020993,'全家福','90a4375f-6fa2-4d6a-8b0e-364f805fab86.jpg',1653041997700747266,1397851099502260226,NULL,'不要辣',1,78.00),(1653019907119468545,'脆皮烧鹅','e8c79090-6f26-425a-8780-8415d4e672e2.jpeg',1653041997700747266,1397860242057375745,NULL,NULL,1,78.00),(1653045412128444418,'组庵鱼翅','89f94118-509e-4e0b-902d-c9d14fe82754.jpg',1653046891480436738,1397850392090947585,NULL,NULL,1,48.00),(1653045412128444419,'全家福','90a4375f-6fa2-4d6a-8b0e-364f805fab86.jpg',1653046891480436738,1397851099502260226,NULL,'不要辣',1,78.00),(1653045412128444420,'脆皮烧鹅','e8c79090-6f26-425a-8780-8415d4e672e2.jpeg',1653046891480436738,1397860242057375745,NULL,NULL,1,78.00),(1653046999680897026,'组庵鱼翅','89f94118-509e-4e0b-902d-c9d14fe82754.jpg',1653047055117012993,1397850392090947585,NULL,NULL,1,48.00),(1653046999680897027,'全家福','90a4375f-6fa2-4d6a-8b0e-364f805fab86.jpg',1653047055117012993,1397851099502260226,NULL,'不要辣',1,78.00),(1653046999680897028,'脆皮烧鹅','e8c79090-6f26-425a-8780-8415d4e672e2.jpeg',1653047055117012993,1397860242057375745,NULL,NULL,1,78.00);
/*!40000 ALTER TABLE `order_detail` ENABLE KEYS */;
UNLOCK TABLES;

--
-- Table structure for table `orders`
--

DROP TABLE IF EXISTS `orders`;
/*!40101 SET @saved_cs_client     = @@character_set_client */;
/*!50503 SET character_set_client = utf8mb4 */;
CREATE TABLE `orders` (
  `id` bigint NOT NULL COMMENT '主键',
  `number` varchar(50) CHARACTER SET utf8 COLLATE utf8_bin DEFAULT NULL COMMENT '订单号',
  `status` int NOT NULL DEFAULT '1' COMMENT '订单状态 1待付款，2待派送，3已派送，4已完成，5已取消',
  `user_id` bigint NOT NULL COMMENT '下单用户',
  `address_book_id` bigint NOT NULL COMMENT '地址id',
  `order_time` datetime NOT NULL COMMENT '下单时间',
  `checkout_time` datetime NOT NULL COMMENT '结账时间',
  `pay_method` int NOT NULL DEFAULT '1' COMMENT '支付方式 1微信,2支付宝',
  `amount` decimal(10,2) NOT NULL COMMENT '实收金额',
  `remark` varchar(100) CHARACTER SET utf8 COLLATE utf8_bin DEFAULT NULL COMMENT '备注',
  `phone` varchar(255) CHARACTER SET utf8 COLLATE utf8_bin DEFAULT NULL,
  `address` varchar(255) CHARACTER SET utf8 COLLATE utf8_bin DEFAULT NULL,
  `user_name` varchar(255) CHARACTER SET utf8 COLLATE utf8_bin DEFAULT NULL,
  `consignee` varchar(255) CHARACTER SET utf8 COLLATE utf8_bin DEFAULT NULL,
  PRIMARY KEY (`id`) USING BTREE
) ENGINE=InnoDB DEFAULT CHARSET=utf8mb3 COLLATE=utf8_bin COMMENT='订单表';
/*!40101 SET character_set_client = @saved_cs_client */;

--
-- Dumping data for table `orders`
--

LOCK TABLES `orders` WRITE;
/*!40000 ALTER TABLE `orders` DISABLE KEYS */;
INSERT INTO `orders` VALUES (1653041997700747266,'1653041997700747266',2,1637653667949596674,1637653987215822850,'2023-05-01 22:21:39','2023-05-01 22:21:39',1,204.00,'','13412341234','A中心','用户596674','王小美'),(1653046891480436738,'1653046891480436738',3,1637653667949596674,1637653987215822850,'2023-05-01 22:41:06','2023-05-01 22:41:06',1,204.00,'','13412341234','A中心','用户596674','王小美'),(1653047055117012993,'1653047055117012993',3,1637653667949596674,1637653987215822850,'2023-05-01 22:41:45','2023-05-01 22:41:45',1,204.00,'','13412341234','A中心','用户596674','王小美');
/*!40000 ALTER TABLE `orders` ENABLE KEYS */;
UNLOCK TABLES;

--
-- Table structure for table `setmeal`
--

DROP TABLE IF EXISTS `setmeal`;
/*!40101 SET @saved_cs_client     = @@character_set_client */;
/*!50503 SET character_set_client = utf8mb4 */;
CREATE TABLE `setmeal` (
  `id` bigint NOT NULL COMMENT '主键',
  `category_id` bigint NOT NULL COMMENT '菜品分类id',
  `name` varchar(64) CHARACTER SET utf8 COLLATE utf8_bin NOT NULL COMMENT '套餐名称',
  `price` decimal(10,2) NOT NULL COMMENT '套餐价格',
  `status` int DEFAULT NULL COMMENT '状态 0:停用 1:启用',
  `code` varchar(32) CHARACTER SET utf8 COLLATE utf8_bin DEFAULT NULL COMMENT '编码',
  `description` varchar(512) CHARACTER SET utf8 COLLATE utf8_bin DEFAULT NULL COMMENT '描述信息',
  `image` varchar(255) CHARACTER SET utf8 COLLATE utf8_bin DEFAULT NULL COMMENT '图片',
  `create_time` datetime NOT NULL COMMENT '创建时间',
  `update_time` datetime NOT NULL COMMENT '更新时间',
  `create_user` bigint NOT NULL COMMENT '创建人',
  `update_user` bigint NOT NULL COMMENT '修改人',
  `is_deleted` int NOT NULL DEFAULT '0' COMMENT '是否删除',
  PRIMARY KEY (`id`) USING BTREE,
  UNIQUE KEY `idx_setmeal_name` (`name`)
) ENGINE=InnoDB DEFAULT CHARSET=utf8mb3 COLLATE=utf8_bin COMMENT='套餐';
/*!40101 SET character_set_client = @saved_cs_client */;

--
-- Dumping data for table `setmeal`
--

LOCK TABLES `setmeal` WRITE;
/*!40000 ALTER TABLE `setmeal` DISABLE KEYS */;
INSERT INTO `setmeal` VALUES (1415580119015145474,1413386191767674881,'儿童套餐A计划',4000.00,1,'','这是一个儿童套餐','dca745ba-3483-4696-bf14-9f9059248e6d.jpeg','2021-07-15 15:52:55','2023-05-01 12:03:42',1415576781934608386,1,0),(1636713515316174850,1413342269393674242,'香煎牛肉虾仁餐',3900.00,1,'','','ed6e39ad-e982-4203-8970-e7abc551a09d.png','2023-03-17 20:58:05','2023-03-17 20:58:05',1,1,0);
/*!40000 ALTER TABLE `setmeal` ENABLE KEYS */;
UNLOCK TABLES;

--
-- Table structure for table `setmeal_dish`
--

DROP TABLE IF EXISTS `setmeal_dish`;
/*!40101 SET @saved_cs_client     = @@character_set_client */;
/*!50503 SET character_set_client = utf8mb4 */;
CREATE TABLE `setmeal_dish` (
  `id` bigint NOT NULL COMMENT '主键',
  `setmeal_id` varchar(32) CHARACTER SET utf8 COLLATE utf8_bin NOT NULL COMMENT '套餐id ',
  `dish_id` varchar(32) CHARACTER SET utf8 COLLATE utf8_bin NOT NULL COMMENT '菜品id',
  `name` varchar(32) CHARACTER SET utf8 COLLATE utf8_bin DEFAULT NULL COMMENT '菜品名称 （冗余字段）',
  `price` decimal(10,2) DEFAULT NULL COMMENT '菜品原价（冗余字段）',
  `copies` int NOT NULL COMMENT '份数',
  `sort` int NOT NULL DEFAULT '0' COMMENT '排序',
  `create_time` datetime NOT NULL COMMENT '创建时间',
  `update_time` datetime NOT NULL COMMENT '更新时间',
  `create_user` bigint NOT NULL COMMENT '创建人',
  `update_user` bigint NOT NULL COMMENT '修改人',
  `is_deleted` int NOT NULL DEFAULT '0' COMMENT '是否删除',
  PRIMARY KEY (`id`) USING BTREE
) ENGINE=InnoDB DEFAULT CHARSET=utf8mb3 COLLATE=utf8_bin COMMENT='套餐菜品关系';
/*!40101 SET character_set_client = @saved_cs_client */;

--
-- Dumping data for table `setmeal_dish`
--

LOCK TABLES `setmeal_dish` WRITE;
/*!40000 ALTER TABLE `setmeal_dish` DISABLE KEYS */;
INSERT INTO `setmeal_dish` VALUES (1633317963501162498,'1633317963442442242','1397862198033297410','老火靓汤',49800.00,1,0,'2023-03-08 12:05:23','2023-03-08 12:05:23',1,1,0),(1633317963509551105,'1633317963442442242','1397860578738352129','白切鸡',6600.00,1,0,'2023-03-08 12:05:23','2023-03-08 12:05:23',1,1,0),(1633317963517939713,'1633317963442442242','1397860242057375745','脆皮烧鹅',12800.00,1,0,'2023-03-08 12:05:23','2023-03-08 12:05:23',1,1,0),(1633317963517939714,'1633317963442442242','1413385247889891330','米饭',200.00,1,0,'2023-03-08 12:05:23','2023-03-08 12:05:23',1,1,0),(1633329695763447809,'1633329695692144641','1397851668262465537','口味蛇',16800.00,1,0,'2023-03-08 12:52:00','2023-03-08 12:52:00',1,1,0),(1633329695771836417,'1633329695692144641','1397851370462687234','邵阳猪血丸子',13800.00,1,0,'2023-03-08 12:52:00','2023-03-08 12:52:00',1,1,0),(1633329695776030721,'1633329695692144641','1397851099502260226','全家福',11800.00,1,0,'2023-03-08 12:52:00','2023-03-08 12:52:00',1,1,0),(1633332337617125377,'1633332337545822210','1413385247889891330','米饭',200.00,1,0,'2023-03-08 13:02:30','2023-03-08 13:02:30',1,1,0),(1633332674113552385,'1633332674054832129','1397851099502260226','全家福',11800.00,1,0,'2023-03-08 13:03:50','2023-03-08 13:03:50',1,1,0),(1633374224133410817,'1633374224066301953','1397854865672679425','鱼香炒鸡蛋',2000.00,1,0,'2023-03-08 15:48:56','2023-03-08 15:48:56',1,1,0),(1633374224137605121,'1633374224066301953','1397854652581064706','麻辣水煮鱼',14800.00,1,0,'2023-03-08 15:48:56','2023-03-08 15:48:56',1,1,0),(1633374224141799425,'1633374224066301953','1413385247889891330','米饭',200.00,2,0,'2023-03-08 15:48:56','2023-03-08 15:48:56',1,1,0),(1633379407370407937,'1633379406946783233','1397860578738352129','白切鸡',6600.00,1,0,'2023-03-08 16:09:32','2023-03-08 16:09:32',1,1,0),(1633379407416545281,'1633379406946783233','1413385247889891330','米饭',200.00,1,0,'2023-03-08 16:09:32','2023-03-08 16:09:32',1,1,0),(1633379938201522178,'1633379938146996226','1397850851245600769','霸王别姬',12800.00,1,0,'2023-03-08 16:11:39','2023-03-08 16:11:39',1,1,0),(1633379938214105090,'1633379938146996226','1397850140982161409','毛氏红烧肉',6800.00,1,0,'2023-03-08 16:11:39','2023-03-08 16:11:39',1,1,0),(1633380802618228737,'1633380802530148354','1397850851245600769','霸王别姬',12800.00,1,0,'2023-03-08 16:15:05','2023-03-08 16:15:05',1,1,0),(1633380802622423042,'1633380802530148354','1397850392090947585','组庵鱼翅',4800.00,1,0,'2023-03-08 16:15:05','2023-03-08 16:15:05',1,1,0),(1633385239697022977,'1633385239634108418','1397851668262465537','口味蛇',16800.00,1,0,'2023-03-08 16:32:43','2023-03-08 16:32:43',1,1,0),(1633385239705411585,'1633385239634108418','1397850851245600769','霸王别姬',12800.00,1,0,'2023-03-08 16:32:43','2023-03-08 16:32:43',1,1,0),(1633385239705411586,'1633385239634108418','1397850392090947585','组庵鱼翅',4800.00,1,0,'2023-03-08 16:32:43','2023-03-08 16:32:43',1,1,0),(1633461027301601282,'1633386599796461569','1397854865672679425','鱼香炒鸡蛋',2000.00,1,0,'2023-03-08 21:33:52','2023-03-08 21:33:52',1,1,0),(1633461027314184193,'1633386599796461569','1397854652581064706','麻辣水煮鱼',14800.00,1,0,'2023-03-08 21:33:52','2023-03-08 21:33:52',1,1,0),(1633461027314184194,'1633386599796461569','1397853890262118402','鱼香肉丝',3800.00,3,0,'2023-03-08 21:33:52','2023-03-08 21:33:52',1,1,0),(1633772677279776770,'1633386294555971586','1397851099502260226','全家福',11800.00,2,0,'2023-03-09 18:12:15','2023-03-09 18:12:15',1,1,0),(1633772677325914113,'1633386294555971586','1397850851245600769','霸王别姬',12800.00,2,0,'2023-03-09 18:12:15','2023-03-09 18:12:15',1,1,0),(1633772677334302722,'1633386294555971586','1397850392090947585','组庵鱼翅',4800.00,1,0,'2023-03-09 18:12:15','2023-03-09 18:12:15',1,1,0),(1636713515387478017,'1636713515316174850','1413385247889891330','米饭',200.00,1,0,'2023-03-17 20:58:05','2023-03-17 20:58:05',1,1,0),(1636713515391672321,'1636713515316174850','1397854865672679425','鱼香炒鸡蛋',2000.00,1,0,'2023-03-17 20:58:05','2023-03-17 20:58:05',1,1,0),(1636713515391672322,'1636713515316174850','1397860578738352129','白切鸡',6600.00,1,0,'2023-03-17 20:58:05','2023-03-17 20:58:05',1,1,0),(1651949110430916610,'1651949110300893186','1397851099502260226','全家福',7800.00,1,0,'2023-04-28 21:58:54','2023-04-28 21:58:54',1,1,0),(1651949110439305217,'1651949110300893186','1397850851245600769','霸王别姬',12800.00,1,0,'2023-04-28 21:58:54','2023-04-28 21:58:54',1,1,0),(1651952092002246657,'1651952091930943489','1397850851245600769','霸王别姬',12800.00,1,0,'2023-04-28 22:10:45','2023-04-28 22:10:45',1,1,0),(1651952092010635265,'1651952091930943489','1397849739276890114','辣子鸡',7800.00,1,0,'2023-04-28 22:10:45','2023-04-28 22:10:45',1,1,0),(1651952092014829570,'1651952091930943489','1397860578738352129','白切鸡',6600.00,1,0,'2023-04-28 22:10:45','2023-04-28 22:10:45',1,1,0),(1651952092023218177,'1651952091930943489','1632657746094505986','火腿蜜瓜卷',3800.00,1,0,'2023-04-28 22:10:45','2023-04-28 22:10:45',1,1,0),(1651952092023218178,'1651952091930943489','1413385247889891330','米饭',200.00,2,0,'2023-04-28 22:10:45','2023-04-28 22:10:45',1,1,0),(1652886486334394370,'1415580119015145474','1397862198033297410','老火靓汤',49800.00,1,0,'2023-05-01 12:03:42','2023-05-01 12:03:42',1,1,0),(1652886486359560193,'1415580119015145474','1413342036832100354','北冰洋',500.00,1,0,'2023-05-01 12:03:42','2023-05-01 12:03:42',1,1,0),(1652886486363754497,'1415580119015145474','1413385247889891330','米饭',200.00,1,0,'2023-05-01 12:03:42','2023-05-01 12:03:42',1,1,0),(1653050210114424833,'1653050210068287490','1397851099502260226','全家福',7800.00,1,0,'2023-05-01 22:54:17','2023-05-01 22:54:17',1,1,0),(1653050210118619138,'1653050210068287490','1397850851245600769','霸王别姬',12800.00,1,0,'2023-05-01 22:54:17','2023-05-01 22:54:17',1,1,0),(1653050210118619139,'1653050210068287490','1397850392090947585','组庵鱼翅',4800.00,1,0,'2023-05-01 22:54:17','2023-05-01 22:54:17',1,1,0);
/*!40000 ALTER TABLE `setmeal_dish` ENABLE KEYS */;
UNLOCK TABLES;

--
-- Table structure for table `shopping_cart`
--

DROP TABLE IF EXISTS `shopping_cart`;
/*!40101 SET @saved_cs_client     = @@character_set_client */;
/*!50503 SET character_set_client = utf8mb4 */;
CREATE TABLE `shopping_cart` (
  `id` bigint NOT NULL COMMENT '主键',
  `name` varchar(50) CHARACTER SET utf8 COLLATE utf8_bin DEFAULT NULL COMMENT '名称',
  `image` varchar(100) CHARACTER SET utf8 COLLATE utf8_bin DEFAULT NULL COMMENT '图片',
  `user_id` bigint NOT NULL COMMENT '主键',
  `dish_id` bigint DEFAULT NULL COMMENT '菜品id',
  `setmeal_id` bigint DEFAULT NULL COMMENT '套餐id',
  `dish_flavor` varchar(50) CHARACTER SET utf8 COLLATE utf8_bin DEFAULT NULL COMMENT '口味',
  `number` int NOT NULL DEFAULT '1' COMMENT '数量',
  `amount` decimal(10,2) NOT NULL COMMENT '金额',
  `create_time` datetime DEFAULT NULL COMMENT '创建时间',
  PRIMARY KEY (`id`) USING BTREE
) ENGINE=InnoDB DEFAULT CHARSET=utf8mb3 COLLATE=utf8_bin COMMENT='购物车';
/*!40101 SET character_set_client = @saved_cs_client */;

--
-- Dumping data for table `shopping_cart`
--

LOCK TABLES `shopping_cart` WRITE;
/*!40000 ALTER TABLE `shopping_cart` DISABLE KEYS */;
/*!40000 ALTER TABLE `shopping_cart` ENABLE KEYS */;
UNLOCK TABLES;

--
-- Table structure for table `user`
--

DROP TABLE IF EXISTS `user`;
/*!40101 SET @saved_cs_client     = @@character_set_client */;
/*!50503 SET character_set_client = utf8mb4 */;
CREATE TABLE `user` (
  `id` bigint NOT NULL COMMENT '主键',
  `name` varchar(50) CHARACTER SET utf8 COLLATE utf8_bin DEFAULT NULL COMMENT '姓名',
  `phone` varchar(100) CHARACTER SET utf8 COLLATE utf8_bin NOT NULL COMMENT '手机号',
  `sex` varchar(2) CHARACTER SET utf8 COLLATE utf8_bin DEFAULT NULL COMMENT '性别',
  `id_number` varchar(18) CHARACTER SET utf8 COLLATE utf8_bin DEFAULT NULL COMMENT '身份证号',
  `avatar` varchar(500) CHARACTER SET utf8 COLLATE utf8_bin DEFAULT NULL COMMENT '头像',
  `status` int DEFAULT '0' COMMENT '状态 0:禁用，1:正常',
  PRIMARY KEY (`id`) USING BTREE
) ENGINE=InnoDB DEFAULT CHARSET=utf8mb3 COLLATE=utf8_bin COMMENT='用户信息';
/*!40101 SET character_set_client = @saved_cs_client */;

--
-- Dumping data for table `user`
--

LOCK TABLES `user` WRITE;
/*!40000 ALTER TABLE `user` DISABLE KEYS */;
INSERT INTO `user` VALUES (1634106228185513985,'','17653543765',NULL,NULL,NULL,1),(1637644256862654465,'用户654465','13312341234',NULL,NULL,NULL,1),(1637653667949596674,'用户596674','13412341234',NULL,NULL,NULL,1);
/*!40000 ALTER TABLE `user` ENABLE KEYS */;
UNLOCK TABLES;
/*!40103 SET TIME_ZONE=@OLD_TIME_ZONE */;

/*!40101 SET SQL_MODE=@OLD_SQL_MODE */;
/*!40014 SET FOREIGN_KEY_CHECKS=@OLD_FOREIGN_KEY_CHECKS */;
/*!40014 SET UNIQUE_CHECKS=@OLD_UNIQUE_CHECKS */;
/*!40101 SET CHARACTER_SET_CLIENT=@OLD_CHARACTER_SET_CLIENT */;
/*!40101 SET CHARACTER_SET_RESULTS=@OLD_CHARACTER_SET_RESULTS */;
/*!40101 SET COLLATION_CONNECTION=@OLD_COLLATION_CONNECTION */;
/*!40111 SET SQL_NOTES=@OLD_SQL_NOTES */;

-- Dump completed on 2023-05-16  9:14:57
